{
  "model_type": "GCN",
  "train_loss": [
    2.3261001259088516,
    2.1486657857894897,
    2.036480136215687,
    1.8875822871923447,
    1.7521775960922241,
    1.645070806145668,
    1.5575622841715813,
    1.5041176229715347,
    1.46585214138031,
    1.4398272186517715,
    1.414862684905529,
    1.3982767388224602,
    1.3818905279040337,
    1.363676279783249,
    1.3516505509614944,
    1.3378447592258453,
    1.3248126283288002,
    1.314007893204689,
    1.304413452744484,
    1.294816292822361,
    1.2873192951083183,
    1.2799765691161156,
    1.275068774819374,
    1.2681266590952873,
    1.2639873772859573,
    1.25487769395113,
    1.2522393763065338,
    1.246158167719841,
    1.2424502074718475,
    1.2361544966697693
  ],
  "val_loss": [
    2.263845145702362,
    2.101114332675934,
    1.9741926491260529,
    1.7910068333148956,
    1.6631385385990143,
    1.5469242632389069,
    1.4672428369522095,
    1.425597757101059,
    1.3966176509857178,
    1.3716371357440948,
    1.3476548194885254,
    1.335619568824768,
    1.321861207485199,
    1.3083367943763733,
    1.2947170436382294,
    1.2883113324642181,
    1.270887166261673,
    1.2592270970344543,
    1.2522812187671661,
    1.247269481420517,
    1.2343552112579346,
    1.2280325591564178,
    1.2243304252624512,
    1.2229423224925995,
    1.2156846821308136,
    1.2029346525669098,
    1.204751431941986,
    1.203359454870224,
    1.1997897922992706,
    1.1924321055412292
  ],
  "train_acc": [
    0.08081860938095843,
    0.15756959450870725,
    0.1769670776662006,
    0.21055040040676243,
    0.22938858522943942,
    0.2515571374094318,
    0.27349688572518116,
    0.2910893606203127,
    0.30329223337994154,
    0.31918139061904155,
    0.32617261980424556,
    0.3315113766365832,
    0.33730774119740686,
    0.34676496758611924,
    0.35362908351341044,
    0.3594508707258167,
    0.36789119105122664,
    0.3755434091775772,
    0.37808567433583323,
    0.3839583068514046,
    0.39074615482394814,
    0.3939748315749333,
    0.3948646243803229,
    0.3986525994661243,
    0.4022117706876827,
    0.40727087835261216,
    0.4101182153298589,
    0.41530443625270114,
    0.41586373458751746,
    0.42122791407143767
  ],
  "val_acc": [
    0.139984532095901,
    0.20224284609435422,
    0.2397525135344161,
    0.2994328435163702,
    0.3252126836813612,
    0.337200309358082,
    0.33823150296468163,
    0.35073472544470224,
    0.36955400876514566,
    0.37844805362206757,
    0.3868265016756896,
    0.40384119618458364,
    0.3950760505284867,
    0.4070636762052075,
    0.40100541376643467,
    0.4051301881928332,
    0.41105955143078116,
    0.40590358339778293,
    0.41814900747615363,
    0.41441093065222995,
    0.41479762825470484,
    0.4240783707141016,
    0.42498066511987626,
    0.4278164475380253,
    0.42755864913637537,
    0.4334880123743233,
    0.4356792987883475,
    0.43464810518174785,
    0.42846094354215003,
    0.4325857179685486
  ],
  "train_mae": [
    81.06431930850388,
    71.95118850896148,
    62.4607855599339,
    41.77411974068895,
    30.598449218253464,
    23.689716537434855,
    19.142748188636073,
    16.742341426210753,
    15.526376001016907,
    14.345239608491166,
    13.582941400788103,
    13.246726833608745,
    12.746536163721876,
    12.25231981695691,
    11.985127748824203,
    11.72263887123427,
    11.333545188763187,
    11.059997457734841,
    10.907461548239482,
    10.609126731918138,
    10.44349815685776,
    10.225244693021482,
    10.178467014109572,
    10.011948646243804,
    9.944705732807932,
    9.79661878733952,
    9.675606965806534,
    9.493962120249142,
    9.561840599974577,
    9.335579000889792
  ],
  "val_mae": [
    72.494844031967,
    67.51740139211137,
    59.40835266821346,
    32.744908481567414,
    25.316447538025265,
    18.896622840938385,
    16.20585202371745,
    14.225960299046147,
    12.938257282804846,
    11.87097189997422,
    11.047306006702758,
    10.420855890693478,
    10.420855890693478,
    10.002577984016499,
    9.84725444702243,
    9.623614333591131,
    9.20082495488528,
    9.150554266563548,
    8.892111368909513,
    8.749033255993814,
    8.61497808713586,
    8.433874709976799,
    8.314642949213715,
    8.281773653003352,
    8.203145140500128,
    8.034931683423563,
    8.141918020108275,
    8.070378963650425,
    7.983372003093581,
    7.896365042536736
  ]
}